<?xml version="1.0" encoding="UTF-8"?>
<project-private xmlns="http://www.netbeans.org/ns/project-private/1">
    <editor-bookmarks xmlns="http://www.netbeans.org/ns/editor-bookmarks/2" lastBookmarkId="0"/>
    <open-files xmlns="http://www.netbeans.org/ns/projectui-open-files/2">
        <group>
            <file>file:/C:/Users/2ndyrGroupA/Downloads/Moya_Employee/Moya_Employee/src/moya_employee/delete.java</file>
            <file>file:/C:/Users/2ndyrGroupA/Downloads/Moya_Employee/Moya_Employee/src/moya_employee/Options.java</file>
            <file>file:/C:/Users/2ndyrGroupA/Downloads/Moya_Employee/Moya_Employee/src/moya_employee/add.java</file>
            <file>file:/C:/Users/2ndyrGroupA/Downloads/Moya_Employee/Moya_Employee/src/moya_employee/update.java</file>
            <file>file:/C:/Users/2ndyrGroupA/Downloads/Moya_Employee/Moya_Employee/src/moya_employee/display.java</file>
        </group>
    </open-files>
</project-private>
